{
  "spec/1.9.3_spec.rb": 159.78183341026306,
  "spec/2.0.0_p648_spec.rb": 69.52790904045105,
  "spec/2.0.0_spec.rb": 162.74147391319275,
  "spec/2.1.10_spec.rb": 153.64690113067627,
  "spec/2.1.3_spec.rb": 117.0450792312622,
  "spec/2.2.0_spec.rb": 128.72966480255127,
  "spec/2.2.6_spec.rb": 163.2144660949707,
  "spec/2.3.0_spec.rb": 123.46021246910095,
  "spec/2.3.3_spec.rb": 160.26158165931702,
  "spec/2.4.0_spec.rb": 156.9324676990509,
  "spec/2.4.1_spec.rb": 162.2512423992157
}